﻿<parameters>
  <parameter name="IIS Web Application Name" defaultValue="stores.ourweb.net" tags="IisApp">
    <parameterEntry kind="ProviderPath" scope="IisApp" match="^E:\\vcprojects\\WebAPI1\\WebAPI1\\obj\\Release\\Package\\PackageTmp$" />
    <parameterEntry kind="ProviderPath" scope="setAcl" match="^E:\\vcprojects\\WebAPI1\\WebAPI1\\obj\\Release\\Package\\PackageTmp$" />
  </parameter>
  <parameter name="Model1-Web.config Connection String" defaultValue="data source=(LocalDb)\MSSQLLocalDB;initial catalog=Stores;integrated security=True;MultipleActiveResultSets=True;App=EntityFramework">
    <parameterEntry kind="XmlFile" scope="E:\\vcprojects\\WebAPI1\\WebAPI1\\obj\\Release\\Package\\PackageTmp\\Web\.config$" match="/configuration/connectionStrings/add[@name='Model1']/@connectionString" />
  </parameter>
  <parameter name="Model1_DatabasePublish-Web.config Connection String" description="Model1 Connection String used by Entity Framework Code First Model to deploy the database." defaultValue="Model1_DatabasePublish.ConnetionString">
    <parameterEntry kind="XmlFile" scope="E:\\vcprojects\\WebAPI1\\WebAPI1\\obj\\Release\\Package\\PackageTmp\\Web\.config$" match="/configuration/connectionStrings/add[@name='Model1_DatabasePublish']/@connectionString" />
  </parameter>
</parameters>